Id,ProductId,Score,Issue_Category,Repurchase_Intent,Emotional_Tone
430895,B001EQ4ZTG,3,None,Unclear,None
84813,B001D0IZAS,5,None,Yes,None
509794,B000KEPBGO,5,None,Yes,None
394299,B003M5ZKD2,5,None,Yes,None
262567,B000ET253W,5,None,Yes,None
282404,B00292BM7W,4,None,Yes,None
193302,B000JMBFZ8,5,None,Yes,None
495545,B001EQ554K,5,None,Yes,None
496016,B008JKU2CO,5,None,Yes,None
120204,B0038B3AAK,5,None,Yes,None
249932,B006Q7YG56,5,None,Yes,None
391883,B000CQBZPG,5,None,Yes,None
241449,B006N3I9OC,5,None,Yes,None
448868,B002ZOG2B0,5,None,Yes,None
231104,B001M09BOS,5,None,Yes,None
85758,B001B8WYTA,5,None,Yes,None
27681,B001EO69NS,5,None,Yes,None
297860,B00427ZLOW,3,Other_Issue,Unclear,Disappointment
398874,B001D09KAM,4,Price_Complaint,No,Disappointment
125989,B005FGKODM,5,None,Yes,None
424636,B002HFPW6I,5,Other_Issue,Yes,Disappointment
68961,B0018KR8V0,5,Stale_Expired,Yes,Disappointment
436114,B001I8DP5U,5,None,Yes,None
491435,B000WL58J0,5,None,Yes,None
550794,B004NMLP3C,5,None,Yes,None
402709,B001ELL288,5,None,Yes,Frustration
88837,B003OB2DSE,5,None,Yes,None
130873,B0038AXN30,5,None,Yes,None
294868,B005V9UG18,5,None,Yes,None
442103,B000DZKKMU,5,None,Yes,None
452733,B003D4MYLS,5,None,Yes,None
504722,B007I7YZJK,3,Other_Issue,Unclear,None
89473,B0014WYXQK,4,None,Yes,None
486077,B00008CQVA,3,Packaging_Issue,Yes,Disappointment
279808,B000GPNKRE,5,None,Yes,None
37536,B005BPVE90,4,Other_Issue,No,Disappointment
518090,B002N7DSNE,5,None,Yes,None
265570,B004O2JFY2,5,None,Yes,None
530123,B000RHXI8C,5,None,Yes,None
205571,B002EM2J06,4,None,Yes,None
212459,B001EO686G,1,Other_Issue,No,Disappointment
506257,B0009DXVP4,5,None,Yes,None
228185,B003VXHGPK,5,Price_Complaint,Yes,None
362498,B003JA5KKS,2,Bad_Taste,No,Disappointment
276258,B000H136MG,5,None,Yes,None
410574,B000JSM27M,4,Price_Complaint,Unclear,Frustration
184344,B001EO5SBW,4,None,Yes,None
65932,B0007A0AQW,3,Packaging_Issue,Unclear,Disappointment
34428,B008FHUDW0,5,None,Yes,None
326679,B002AQ0OW6,5,None,Yes,None
218591,B003M7YN38,5,None,Yes,None
44491,B0014GRP7A,3,Other_Issue,No,Disappointment
268440,B000VLVF5W,5,None,Yes,None
220506,B0034EDLS2,2,Other_Issue,No,Frustration
395537,B004N5J554,5,None,Yes,None
151968,B002WQ7MQ0,5,None,Yes,None
520014,B000YSTIL0,3,Other_Issue,No,Disappointment
406294,B000MTST70,1,Price_Complaint,No,Disappointment
444712,B001HTKR1U,5,None,Yes,None
1394,B00068PCTU,5,None,Yes,None
518496,B0000E5JOT,1,Bad_Taste,No,Frustration
379080,B001FA1K6W,5,None,Yes,None
146747,B004KERWXU,5,None,Yes,None
368630,B005K4Q1W2,3,Bad_Taste,No,Disappointment
301081,B003Z6ZGZK,5,None,Yes,None
11577,B0050ILFCO,1,Bad_Taste,No,Disappointment
39585,B001M0A5XY,5,None,Yes,None
335676,B00032IMHS,1,Price_Complaint,Unclear,Frustration
215083,B0030VBRCG,5,None,Yes,None
345740,B000ED9L9E,5,Other_Issue,Yes,Frustration
111557,B003R0LKTK,5,None,Yes,None
430411,B005K4Q1T0,3,Bad_Taste,No,Disappointment
197502,B0012Y0HA6,3,Other_Issue,Unclear,Disappointment
306301,B00025691W,5,Price_Complaint,Yes,Frustration
35275,B002J6789O,2,Bad_Taste,No,Disappointment
539306,B001BDDT8K,2,Bad_Taste,No,Disappointment
558304,B001KTA03C,5,None,Yes,None
62238,B000CQG8KS,5,None,Yes,None
284783,B000PDLBBO,5,None,Yes,None
290420,B004777F3M,1,Bad_Taste,Unclear,Disappointment
336825,B004IFKSLY,1,Other_Issue,No,Disappointment
349319,B000CQC064,1,Bad_Taste,No,Disappointment
265467,B00024DB6Y,5,None,Yes,None
556215,B004EDZ87Y,5,None,Yes,None
460992,B0060JNAE8,1,Bad_Taste,No,Disappointment
76307,B001HTKOWC,5,None,Yes,None
208588,B002ZJQQK2,5,Other_Issue,Yes,Disappointment
37031,B000ARTNRE,5,None,Yes,None
202195,B005QKH1VU,5,None,Yes,None
454835,B002AQP5IE,5,Price_Complaint,Yes,None
5056,B000E3ZFIK,5,None,Yes,None
532842,B0009F3SFA,4,Bad_Taste,Yes,None
196785,B008JKTTUA,1,Other_Issue,No,Frustration
205225,B001NH1VUC,5,None,Yes,None
478046,B000HDUKC8,3,Packaging_Issue,Unclear,Disappointment
24736,B0029K3IIU,5,None,Yes,None
241581,B0081XPTBS,5,None,Yes,None
23008,B004ZIER34,5,None,Yes,None
70703,B001LQNUPO,1,Other_Issue,Unclear,Frustration
63678,B002IEZJMA,3,Bad_Taste,No,Disappointment
285439,B000FI701Y,5,None,Yes,None
165681,B000V7710O,1,Bad_Taste,No,Disappointment
321916,B003V3E6XU,5,None,Yes,None
320171,B003Z6W32E,5,None,Yes,None
252241,B0046GSTUM,5,None,Yes,None
271402,B000TZ1S2A,5,None,Yes,None
330925,B001D0676C,5,None,Yes,None
223758,B000H23X2S,5,None,Unclear,None
14015,B0045XE32E,4,Other_Issue,Unclear,None
146026,B000SDKDM4,3,Bad_Taste,No,Disappointment
419286,B0002DGRQ6,5,None,Yes,None
33610,B004KPFUCO,5,None,Yes,None
213639,B0026LINSW,5,None,Yes,None
469140,B000AQFQC6,1,Bad_Taste,No,Sarcasm
214964,B006N3I8PC,3,Bad_Taste,No,Disappointment
42785,B002NHYQAS,3,Bad_Taste,No,Disappointment
98062,B0029JZRGW,2,Bad_Taste,Yes,None
307616,B007OXJJQ2,4,Bad_Taste,Yes,Disappointment
230663,B000NGQ9VK,5,None,Yes,None
52844,B0000DIXKU,2,Other_Issue,No,Disappointment
471161,B001CUUPD4,5,None,Yes,None
176966,B000GF0JEQ,4,Price_Complaint,Yes,None
229463,B0031Q1VX0,5,None,Yes,None
230088,B000WB1YSE,5,None,Yes,None
533536,B000EY1844,5,None,Yes,None
47892,B004SRH2B6,5,None,Yes,None
43344,B0014ET24G,5,None,Yes,None
519657,B006N3I1HM,2,Bad_Taste,Unclear,Disappointment
26109,B0058AMY74,3,Bad_Taste,Unclear,Disappointment
477246,B002N7OCGQ,5,None,Yes,None
116885,B001BCVY9W,4,Packaging_Issue,Unclear,None
152339,B000LKZD4W,5,None,Yes,None
117447,B0016B7Z32,5,None,Yes,None
70638,B000FNB3AI,5,None,Yes,None
47193,B0029O10P4,4,None,Yes,None
159750,B005VOONLW,5,None,Yes,None
414728,B005VOOLXM,5,None,Yes,None
456548,B0007A0PWQ,5,None,Yes,None
27301,B000J36EQC,5,None,Yes,None
194905,B000CRFORU,5,None,Yes,None
257715,B000EQX62Y,4,None,Yes,None
514427,B0001M0Z6Q,4,None,Unclear,None
447867,B005CGUTGC,5,None,Yes,None
545827,B0026LFFN8,5,None,Yes,None
557221,B006ABD2JO,3,Other_Issue,No,Disappointment
31701,B001MURXMK,5,None,Yes,None
86300,B000084E6V,5,None,Yes,None
508313,B001PQNV6S,5,None,Yes,None
264018,B004EAGP74,5,None,Yes,None
284618,B000LLMATM,1,Price_Complaint,Unclear,Frustration
179637,B000AYFATW,5,None,Yes,None
466526,B000G6O2QG,1,Bad_Taste,No,Disappointment
372828,B003ETWHG4,5,Price_Complaint,Yes,None
148944,B004Q3LBTG,1,Other_Issue,No,Disappointment
450954,B001OCKIBY,3,Other_Issue,Unclear,Disappointment
560670,B000F7V872,5,None,Yes,None
404302,B00027CE28,5,Price_Complaint,Unclear,Disappointment
226915,B000AYFCEU,5,None,Yes,None
250378,B001NXHY8Y,4,Packaging_Issue,Yes,Disappointment
348312,B003GS3VQ8,5,None,Yes,None
95502,B004G5ZYNI,1,Bad_Taste,No,Disappointment
220254,B0034EDLS2,4,None,Yes,None
476461,B002YKKVDK,5,None,Yes,None
161804,B000N4YJQY,4,None,Yes,None
355959,B002QWP8H0,5,None,Yes,None
538226,B0061IUIDY,4,None,Yes,None
381500,B0049PJUN0,1,Other_Issue,No,Disappointment
136268,B002GOZ43G,5,None,Yes,None
408859,B000XSGMHO,5,None,Yes,None
96223,B004HOLD4W,5,None,Yes,None
434883,B002AR158W,5,None,Yes,None
567881,B005K4Q68Q,4,None,Yes,None
458991,B002UQEPPI,5,None,Yes,None
167131,B002HQE11O,5,None,Yes,None
57119,B001E6IZVU,4,Bad_Taste,Yes,None
240566,B00113ZZ5U,4,None,Yes,None
361234,B000H0ZJIG,2,Other_Issue,No,Frustration
164127,B000CQE3NM,5,None,Unclear,None
358215,B0032CJPOK,5,None,Yes,None
39002,B002GGDB52,5,None,Yes,None
225563,B002ZX1U9A,4,None,Yes,None
304119,B001AS1A4Q,4,Price_Complaint,Yes,None
355885,B002QWP8H0,5,None,Yes,None
252981,B000PSTGKW,5,None,Yes,None
239103,B0083QJUL8,5,None,Yes,None
561164,B008JDVILA,5,Price_Complaint,Yes,Disappointment
5926,B000BWO7XS,5,None,Yes,None
484678,B002XWUQ52,3,Bad_Taste,No,Disappointment
511296,B004FGWU9O,5,None,Yes,None
379374,B001EO5VMS,5,None,Yes,None
277522,B000VK8AVK,5,None,Yes,None
140548,B002QHHJWW,5,None,Yes,None
266369,B003QKBDX4,5,None,Yes,None
439669,B000DZH1CM,1,Bad_Taste,No,Disappointment
411612,B0085TW042,5,None,Yes,None
197113,B000FNH1C2,5,None,Yes,None
49877,B001EO5P92,3,Bad_Taste,No,Disappointment
33773,B0025ULL2E,1,Packaging_Issue,No,Frustration
514701,B0037MVZY8,5,Other_Issue,Unclear,Disappointment
446588,B000LKZEP0,5,None,Yes,None
21145,B002QWP89S,5,None,Yes,None
325920,B000OH73FO,1,Other_Issue,Unclear,None
106610,B002C5DMMY,5,None,Yes,None
89796,B002LANN56,5,None,Yes,None
367588,B003B3OOPA,5,None,Yes,None
125292,B001E5E060,4,None,Yes,None
460993,B0060JNAE8,1,Other_Issue,No,Frustration
20912,B001EPPCFS,2,Other_Issue,No,Disappointment
247201,B001ATFTCE,5,None,Yes,None
208066,B007PUYV7G,5,None,Yes,None
31101,B007M83302,5,None,Yes,None
546522,B000E148MG,1,Bad_Taste,No,Disappointment
351123,B003DGQBCO,5,None,Yes,None
313449,B0012XBDH8,5,None,Yes,None
552422,B001CTPQVQ,5,None,Yes,None
255393,B002OFU8JC,3,Bad_Taste,No,Disappointment
180904,B007Y59HVM,5,None,Yes,None
415382,B007JFMIWW,5,None,Yes,None
261905,B001E5E20E,4,Bad_Taste,Unclear,Disappointment
521112,B008ATDIDE,1,Other_Issue,No,Frustration
26167,B0058AMY74,4,None,Yes,None
44342,B000GKTNXE,1,Other_Issue,No,Frustration
142552,B000BXSRT2,5,None,Yes,None
87479,B001BZQRJ6,1,Stale_Expired,No,Frustration
200819,B004N5HL0A,5,None,Yes,None
217612,B000LQLV7E,5,None,Yes,None
298358,B006N3I0DM,5,None,Yes,None
79408,B003TNANSO,4,None,Yes,None
463512,B000GW67KY,5,None,Yes,None
465908,B005OVPN0W,4,None,Yes,None
49472,B003LECIDE,4,Price_Complaint,Yes,None
437063,B000WFPJIG,5,Price_Complaint,Yes,None
323044,B001L883QS,3,Price_Complaint,Unclear,Disappointment
435909,B000LKXQCS,1,Bad_Taste,No,Frustration
141234,B002A98R5O,5,None,Yes,None
178989,B000YFABQO,4,Other_Issue,Yes,None
234355,B000F4H5GI,5,None,Yes,None
353596,B005A1LINC,5,None,Yes,None
85783,B0018OL46G,5,None,Yes,None
298843,B0012C2GFM,5,None,Yes,None
560460,B000CQID1K,5,None,Yes,None
164571,B007RTR8TS,3,Other_Issue,Unclear,Disappointment
172292,B0000C69FB,5,None,Yes,None
172015,B0034KQOJ4,1,Bad_Taste,No,Sarcasm
85598,B001N0WDKQ,5,None,Yes,None
130711,B001E95KLK,5,None,Yes,None
346030,B004TJF3BE,3,Bad_Taste,Unclear,Disappointment
